[{"line":"01호선","name":"녹양","code":1908,"lat":37.75938,"lng":127.042292},{"line":"01호선","name":"남영","code":1002,"lat":37.541021,"lng":126.9713},{"line":"01호선","name":"용산","code":1003,"lat":37.529849,"lng":126.964561},{"line":"01호선","name":"노량진","code":1004,"lat":37.514219,"lng":126.942454},{"line":"01호선","name":"대방","code":1005,"lat":37.513342,"lng":126.926382},{"line":"01호선","name":"영등포","code":1006,"lat":37.515504,"lng":126.907628},{"line":"01호선","name":"신도림","code":1007,"lat":37.508725,"lng":126.891295},{"line":"01호선","name":"회기","code":1015,"lat":37.58946,"lng":127.057583},{"line":"01호선","name":"외대앞","code":1016,"lat":37.596073,"lng":127.063549},{"line":"01호선","name":"신이문","code":1017,"lat":37.601854,"lng":127.067325},{"line":"01호선","name":"광운대","code":1019,"lat":37.623632,"lng":127.061835},{"line":"01호선","name":"월계","code":1020,"lat":37.633212,"lng":127.058831},{"line":"01호선","name":"녹천","code":1021,"lat":37.644799,"lng":127.051269},{"line":"01호선","name":"창동","code":1022,"lat":37.653166,"lng":127.047731},{"line":"01호선","name":"신길","code":1032,"lat":37.517122,"lng":126.917169},{"line":"01호선","name":"석계","code":1018,"lat":37.614805,"lng":127.065851},{"line":"01호선","name":"봉명","code":1401,"lat":36.801215,"lng":127.135763},{"line":"01호선","name":"쌍용","code":1402,"lat":36.793759,"lng":127.1214},{"line":"01호선","name":"아산","code":1403,"lat":36.792053,"lng":127.104361},{"line":"01호선","name":"배방","code":1405,"lat":36.777629,"lng":127.052991},{"line":"01호선","name":"온양온천","code":1407,"lat":36.780483,"lng":127.003249},{"line":"01호선","name":"신창","code":1408,"lat":36.769502,"lng":126.951108},{"line":"01호선","name":"구로","code":1701,"lat":37.503039,"lng":126.881966},{"line":"01호선","name":"가산디지털단지","code":1702,"lat":37.481072,"lng":126.882343},{"line":"01호선","name":"금천구청","code":1703,"lat":37.455626,"lng":126.89398},{"line":"01호선","name":"관악","code":1705,"lat":37.419232,"lng":126.908706},{"line":"01호선","name":"안양","code":1706,"lat":37.401592,"lng":126.922874},{"line":"01호선","name":"명학","code":1707,"lat":37.384653,"lng":126.935433},{"line":"01호선","name":"금정","code":1708,"lat":37.372221,"lng":126.943429},{"line":"01호선","name":"의왕","code":1710,"lat":37.320852,"lng":126.948217},{"line":"01호선","name":"성균관대","code":1711,"lat":37.300349,"lng":126.97075},{"line":"01호선","name":"석수","code":1704,"lat":37.435047,"lng":126.902295},{"line":"01호선","name":"화서","code":1712,"lat":37.283862,"lng":126.989627},{"line":"01호선","name":"수원","code":1713,"lat":37.265974,"lng":126.999874},{"line":"01호선","name":"독산","code":1714,"lat":37.466613,"lng":126.889249},{"line":"01호선","name":"세류","code":1715,"lat":37.245025,"lng":127.013222},{"line":"01호선","name":"병점","code":1716,"lat":37.207503,"lng":127.032731},{"line":"01호선","name":"세마","code":1717,"lat":37.187533,"lng":127.04318},{"line":"01호선","name":"오산대","code":1718,"lat":37.168953,"lng":127.063197},{"line":"01호선","name":"송탄","code":1721,"lat":37.075696,"lng":127.054301},{"line":"01호선","name":"서정리","code":1722,"lat":37.056496,"lng":127.052819},{"line":"01호선","name":"평택","code":1724,"lat":36.990726,"lng":127.085159},{"line":"01호선","name":"성환","code":1725,"lat":36.916076,"lng":127.126964},{"line":"01호선","name":"직산","code":1726,"lat":36.870593,"lng":127.143904},{"line":"01호선","name":"두정","code":1727,"lat":36.833705,"lng":127.14896},{"line":"01호선","name":"천안","code":1728,"lat":36.810005,"lng":127.146826},{"line":"01호선","name":"광명","code":1750,"lat":37.416182,"lng":126.884466},{"line":"01호선","name":"개봉","code":1801,"lat":37.494594,"lng":126.85868},{"line":"01호선","name":"오류동","code":1802,"lat":37.494526,"lng":126.845365},{"line":"01호선","name":"역곡","code":1803,"lat":37.485178,"lng":126.811502},{"line":"01호선","name":"군포","code":1709,"lat":37.35356,"lng":126.948462},{"line":"01호선","name":"당정","code":1729,"lat":37.344285,"lng":126.948345},{"line":"01호선","name":"서동탄","code":1749,"lat":37.195504,"lng":127.051672},{"line":"01호선","name":"부천","code":1804,"lat":37.48405,"lng":126.782686},{"line":"01호선","name":"송내","code":1805,"lat":37.4876,"lng":126.753664},{"line":"01호선","name":"부평","code":1806,"lat":37.489493,"lng":126.724805},{"line":"01호선","name":"백운","code":1807,"lat":37.483664,"lng":126.707704},{"line":"01호선","name":"주안","code":1809,"lat":37.464941,"lng":126.679923},{"line":"01호선","name":"제물포","code":1810,"lat":37.466769,"lng":126.656666},{"line":"01호선","name":"동인천","code":1811,"lat":37.475276,"lng":126.632802},{"line":"01호선","name":"인천","code":1812,"lat":37.476691,"lng":126.616936},{"line":"01호선","name":"구일","code":1813,"lat":37.496756,"lng":126.870793},{"line":"01호선","name":"소사","code":1814,"lat":37.482753,"lng":126.79544},{"line":"01호선","name":"부개","code":1815,"lat":37.488418,"lng":126.74109},{"line":"01호선","name":"간석","code":1816,"lat":37.464737,"lng":126.694181},{"line":"01호선","name":"도원","code":1817,"lat":37.468446,"lng":126.642706},{"line":"01호선","name":"온수","code":1821,"lat":37.492258,"lng":126.823388},{"line":"01호선","name":"중동","code":1822,"lat":37.486562,"lng":126.764843},{"line":"01호선","name":"오산","code":1719,"lat":37.145885,"lng":127.06672},{"line":"01호선","name":"진위","code":1720,"lat":37.109447,"lng":127.062278},{"line":"01호선","name":"동암","code":1808,"lat":37.471408,"lng":126.702896},{"line":"01호선","name":"도화","code":1823,"lat":37.46607,"lng":126.668672},{"line":"01호선","name":"방학","code":1901,"lat":37.667503,"lng":127.044273},{"line":"01호선","name":"도봉","code":1902,"lat":37.679563,"lng":127.045595},{"line":"01호선","name":"도봉산","code":1903,"lat":37.689313,"lng":127.046222},{"line":"01호선","name":"망월사","code":1904,"lat":37.709914,"lng":127.047455},{"line":"01호선","name":"회룡","code":1905,"lat":37.724846,"lng":127.046895},{"line":"01호선","name":"의정부","code":1906,"lat":37.738415,"lng":127.045958},{"line":"01호선","name":"가능","code":1907,"lat":37.748577,"lng":127.044213},{"line":"01호선","name":"양주","code":1909,"lat":37.774381,"lng":127.044708},{"line":"01호선","name":"덕계","code":1910,"lat":37.818486,"lng":127.056486},{"line":"01호선","name":"덕정","code":1911,"lat":37.843188,"lng":127.061277},{"line":"01호선","name":"지행","code":1912,"lat":37.892334,"lng":127.055716},{"line":"01호선","name":"동두천중앙","code":1913,"lat":37.901885,"lng":127.056482},{"line":"01호선","name":"동두천","code":1915,"lat":37.927878,"lng":127.05479},{"line":"01호선","name":"보산","code":1914,"lat":37.913702,"lng":127.057277},{"line":"01호선","name":"종로3가","code":153,"lat":37.571607,"lng":126.991806},{"line":"01호선","name":"종로5가","code":154,"lat":37.570926,"lng":127.001849},{"line":"01호선","name":"동대문","code":155,"lat":37.57142,"lng":127.009745},{"line":"01호선","name":"신설동","code":156,"lat":37.575297,"lng":127.025087},{"line":"01호선","name":"제기동","code":157,"lat":37.578103,"lng":127.034893},{"line":"01호선","name":"청량리","code":158,"lat":37.580178,"lng":127.046835},{"line":"01호선","name":"동묘앞","code":159,"lat":37.572627,"lng":127.016429},{"line":"01호선","name":"소요산","code":1916,"lat":37.9481,"lng":127.061034},{"line":"01호선","name":"지제","code":1723,"lat":37.0188,"lng":127.070444},{"line":"01호선","name":"서울","code":150,"lat":37.554648,"lng":126.972559},{"line":"01호선","name":"시청","code":151,"lat":37.564718,"lng":126.977108},{"line":"01호선","name":"종각","code":152,"lat":37.570161,"lng":126.982923},{"line":"02호선","name":"강변","code":214,"lat":37.535095,"lng":127.094681},{"line":"02호선","name":"잠실나루","code":215,"lat":37.520733,"lng":127.10379},{"line":"02호선","name":"잠실","code":216,"lat":37.51395,"lng":127.102234},{"line":"02호선","name":"잠실새내","code":217,"lat":37.511687,"lng":127.086162},{"line":"02호선","name":"종합운동장","code":218,"lat":37.510997,"lng":127.073642},{"line":"02호선","name":"삼성","code":219,"lat":37.508844,"lng":127.06316},{"line":"02호선","name":"선릉","code":220,"lat":37.504503,"lng":127.049008},{"line":"02호선","name":"역삼","code":221,"lat":37.500622,"lng":127.036456},{"line":"02호선","name":"강남","code":222,"lat":37.497175,"lng":127.027926},{"line":"02호선","name":"교대","code":223,"lat":37.493415,"lng":127.01408},{"line":"02호선","name":"방배","code":225,"lat":37.481426,"lng":126.997596},{"line":"02호선","name":"사당","code":226,"lat":37.47653,"lng":126.981685},{"line":"02호선","name":"낙성대","code":227,"lat":37.47693,"lng":126.963693},{"line":"02호선","name":"서울대입구","code":228,"lat":37.481247,"lng":126.952739},{"line":"02호선","name":"봉천","code":229,"lat":37.482362,"lng":126.941892},{"line":"02호선","name":"신림","code":230,"lat":37.484201,"lng":126.929715},{"line":"02호선","name":"신대방","code":231,"lat":37.487462,"lng":126.913149},{"line":"02호선","name":"구로디지털단지","code":232,"lat":37.485266,"lng":126.901401},{"line":"02호선","name":"신도림","code":234,"lat":37.508725,"lng":126.891295},{"line":"02호선","name":"문래","code":235,"lat":37.517933,"lng":126.89476},{"line":"02호선","name":"영등포구청","code":236,"lat":37.52497,"lng":126.895951},{"line":"02호선","name":"용답","code":244,"lat":37.561904,"lng":127.050899},{"line":"02호선","name":"신정네거리","code":249,"lat":37.520074,"lng":126.852912},{"line":"02호선","name":"을지로입구","code":202,"lat":37.566014,"lng":126.982618},{"line":"02호선","name":"을지로3가","code":203,"lat":37.566295,"lng":126.99191},{"line":"02호선","name":"을지로4가","code":204,"lat":37.566941,"lng":126.998079},{"line":"02호선","name":"동대문역사문화공원","code":205,"lat":37.565138,"lng":127.007896},{"line":"02호선","name":"신당","code":206,"lat":37.565972,"lng":127.01782},{"line":"02호선","name":"한양대","code":209,"lat":37.555273,"lng":127.043655},{"line":"02호선","name":"뚝섬","code":210,"lat":37.547184,"lng":127.047367},{"line":"02호선","name":"성수","code":211,"lat":37.544581,"lng":127.055961},{"line":"02호선","name":"건대입구","code":212,"lat":37.540693,"lng":127.07023},{"line":"02호선","name":"구의","code":213,"lat":37.537077,"lng":127.085916},{"line":"02호선","name":"당산","code":237,"lat":37.53438,"lng":126.902281},{"line":"02호선","name":"합정","code":238,"lat":37.549463,"lng":126.913739},{"line":"02호선","name":"홍대입구","code":239,"lat":37.557192,"lng":126.925381},{"line":"02호선","name":"신촌","code":240,"lat":37.555134,"lng":126.936893},{"line":"02호선","name":"이대","code":241,"lat":37.556733,"lng":126.946013},{"line":"02호선","name":"아현","code":242,"lat":37.557345,"lng":126.956141},{"line":"02호선","name":"충정로","code":243,"lat":37.559973,"lng":126.963672},{"line":"02호선","name":"신답","code":245,"lat":37.57004,"lng":127.046481},{"line":"02호선","name":"까치산","code":200,"lat":37.531768,"lng":126.846683},{"line":"02호선","name":"시청","code":201,"lat":37.564718,"lng":126.977108},{"line":"02호선","name":"서초","code":224,"lat":37.491897,"lng":127.007917},{"line":"02호선","name":"왕십리","code":208,"lat":37.561533,"lng":127.037732},{"line":"02호선","name":"상왕십리","code":207,"lat":37.564354,"lng":127.029354},{"line":"02호선","name":"대림","code":233,"lat":37.49297,"lng":126.895801},{"line":"02호선","name":"신설동","code":246,"lat":37.575297,"lng":127.025087},{"line":"02호선","name":"도림천","code":247,"lat":37.514287,"lng":126.882768},{"line":"02호선","name":"양천구청","code":248,"lat":37.512398,"lng":126.865819},{"line":"02호선","name":"용두","code":250,"lat":37.574028,"lng":127.038091},{"line":"03호선","name":"양재","code":332,"lat":37.484147,"lng":127.034631},{"line":"03호선","name":"매봉","code":333,"lat":37.486947,"lng":127.046769},{"line":"03호선","name":"도곡","code":334,"lat":37.490858,"lng":127.055381},{"line":"03호선","name":"대치","code":335,"lat":37.494612,"lng":127.063642},{"line":"03호선","name":"학여울","code":336,"lat":37.496663,"lng":127.070594},{"line":"03호선","name":"대청","code":337,"lat":37.493514,"lng":127.079532},{"line":"03호선","name":"일원","code":338,"lat":37.483681,"lng":127.08439},{"line":"03호선","name":"수서","code":339,"lat":37.487371,"lng":127.10188},{"line":"03호선","name":"동대입구","code":322,"lat":37.559052,"lng":127.005602},{"line":"03호선","name":"금호","code":324,"lat":37.548034,"lng":127.015872},{"line":"03호선","name":"옥수","code":325,"lat":37.540685,"lng":127.017965},{"line":"03호선","name":"압구정","code":326,"lat":37.527072,"lng":127.028461},{"line":"03호선","name":"신사","code":327,"lat":37.516334,"lng":127.020114},{"line":"03호선","name":"잠원","code":328,"lat":37.512759,"lng":127.01122},{"line":"03호선","name":"고속터미널","code":329,"lat":37.50481,"lng":127.004943},{"line":"03호선","name":"교대","code":330,"lat":37.493415,"lng":127.01408},{"line":"03호선","name":"남부터미널","code":331,"lat":37.485013,"lng":127.016189},{"line":"03호선","name":"경복궁","code":317,"lat":37.575762,"lng":126.97353},{"line":"03호선","name":"안국","code":318,"lat":37.576477,"lng":126.985443},{"line":"03호선","name":"종로3가","code":319,"lat":37.571607,"lng":126.991806},{"line":"03호선","name":"을지로3가","code":320,"lat":37.566295,"lng":126.99191},{"line":"03호선","name":"지축","code":309,"lat":37.648048,"lng":126.913951},{"line":"03호선","name":"구파발","code":310,"lat":37.636763,"lng":126.918821},{"line":"03호선","name":"연신내","code":311,"lat":37.619001,"lng":126.921008},{"line":"03호선","name":"불광","code":312,"lat":37.610469,"lng":126.929887},{"line":"03호선","name":"녹번","code":313,"lat":37.600927,"lng":126.935756},{"line":"03호선","name":"홍제","code":314,"lat":37.589066,"lng":126.943736},{"line":"03호선","name":"무악재","code":315,"lat":37.582299,"lng":126.950291},{"line":"03호선","name":"독립문","code":316,"lat":37.574571,"lng":126.957748},{"line":"03호선","name":"가락시장","code":340,"lat":37.492522,"lng":127.118234},{"line":"03호선","name":"경찰병원","code":341,"lat":37.495918,"lng":127.12454},{"line":"03호선","name":"오금","code":342,"lat":37.502162,"lng":127.128111},{"line":"03호선","name":"원당","code":1951,"lat":37.653324,"lng":126.843041},{"line":"03호선","name":"대곡","code":1953,"lat":37.631626,"lng":126.811024},{"line":"03호선","name":"백석","code":1954,"lat":37.643114,"lng":126.78787},{"line":"03호선","name":"마두","code":1955,"lat":37.652206,"lng":126.77762},{"line":"03호선","name":"정발산","code":1956,"lat":37.659477,"lng":126.773359},{"line":"03호선","name":"주엽","code":1957,"lat":37.670072,"lng":126.761334},{"line":"03호선","name":"대화","code":1958,"lat":37.676087,"lng":126.747569},{"line":"03호선","name":"원흥","code":1948,"lat":37.650658,"lng":126.872642},{"line":"03호선","name":"삼송","code":1950,"lat":37.653083,"lng":126.895558},{"line":"03호선","name":"약수","code":323,"lat":37.55434,"lng":127.010655},{"line":"03호선","name":"충무로","code":321,"lat":37.561243,"lng":126.99428},{"line":"03호선","name":"화정","code":1952,"lat":37.634592,"lng":126.83265},{"line":"04호선","name":"남태령","code":434,"lat":37.463873,"lng":126.989134},{"line":"04호선","name":"금정","code":1458,"lat":37.372221,"lng":126.943429},{"line":"04호선","name":"당고개","code":409,"lat":37.670272,"lng":127.079066},{"line":"04호선","name":"상계","code":410,"lat":37.660878,"lng":127.073572},{"line":"04호선","name":"노원","code":411,"lat":37.655128,"lng":127.061368},{"line":"04호선","name":"창동","code":412,"lat":37.653166,"lng":127.047731},{"line":"04호선","name":"쌍문","code":413,"lat":37.648627,"lng":127.034709},{"line":"04호선","name":"수유","code":414,"lat":37.638052,"lng":127.025732},{"line":"04호선","name":"미아","code":415,"lat":37.62667,"lng":127.025983},{"line":"04호선","name":"미아사거리","code":416,"lat":37.613292,"lng":127.030053},{"line":"04호선","name":"길음","code":417,"lat":37.603407,"lng":127.025053},{"line":"04호선","name":"성신여대입구","code":418,"lat":37.592624,"lng":127.016403},{"line":"04호선","name":"한성대입구","code":419,"lat":37.588458,"lng":127.006221},{"line":"04호선","name":"혜화","code":420,"lat":37.582336,"lng":127.001844},{"line":"04호선","name":"동대문","code":421,"lat":37.57142,"lng":127.009745},{"line":"04호선","name":"동대문역사문화공원","code":422,"lat":37.565138,"lng":127.007896},{"line":"04호선","name":"충무로","code":423,"lat":37.561243,"lng":126.99428},{"line":"04호선","name":"명동","code":424,"lat":37.560989,"lng":126.986325},{"line":"04호선","name":"회현","code":425,"lat":37.558514,"lng":126.978246},{"line":"04호선","name":"서울","code":426,"lat":37.554648,"lng":126.972559},{"line":"04호선","name":"숙대입구","code":427,"lat":37.54456,"lng":126.972106},{"line":"04호선","name":"삼각지","code":428,"lat":37.534777,"lng":126.97311},{"line":"04호선","name":"신용산","code":429,"lat":37.52917,"lng":126.967894},{"line":"04호선","name":"동작","code":431,"lat":37.502971,"lng":126.979306},{"line":"04호선","name":"총신대입구","code":432,"lat":37.486263,"lng":126.981989},{"line":"04호선","name":"사당","code":433,"lat":37.47653,"lng":126.981685},{"line":"04호선","name":"경마공원","code":1451,"lat":37.443885,"lng":127.007888},{"line":"04호선","name":"대공원","code":1452,"lat":37.435675,"lng":127.006523},{"line":"04호선","name":"과천","code":1453,"lat":37.433021,"lng":126.996568},{"line":"04호선","name":"정부과천청사","code":1454,"lat":37.426513,"lng":126.98978},{"line":"04호선","name":"인덕원","code":1455,"lat":37.401553,"lng":126.976715},{"line":"04호선","name":"평촌","code":1456,"lat":37.394287,"lng":126.963883},{"line":"04호선","name":"범계","code":1457,"lat":37.389793,"lng":126.950806},{"line":"04호선","name":"선바위","code":1450,"lat":37.451673,"lng":127.002303},{"line":"04호선","name":"산본","code":1751,"lat":37.358101,"lng":126.933274},{"line":"04호선","name":"대야미","code":1752,"lat":37.328467,"lng":126.917332},{"line":"04호선","name":"반월","code":1753,"lat":37.312212,"lng":126.903524},{"line":"04호선","name":"상록수","code":1754,"lat":37.302795,"lng":126.866489},{"line":"04호선","name":"한대앞","code":1755,"lat":37.309689,"lng":126.85344},{"line":"04호선","name":"중앙","code":1756,"lat":37.315941,"lng":126.838573},{"line":"04호선","name":"고잔","code":1757,"lat":37.316777,"lng":126.823249},{"line":"04호선","name":"초지","code":1758,"lat":37.320646,"lng":126.805913},{"line":"04호선","name":"안산","code":1759,"lat":37.327082,"lng":126.788532},{"line":"04호선","name":"신길온천","code":1760,"lat":37.338212,"lng":126.765844},{"line":"04호선","name":"정왕","code":1761,"lat":37.351735,"lng":126.742989},{"line":"04호선","name":"오이도","code":1762,"lat":37.362357,"lng":126.738714},{"line":"04호선","name":"수리산","code":1763,"lat":37.349801,"lng":126.925365},{"line":"04호선","name":"이촌","code":430,"lat":37.522272,"lng":126.974345},{"line":"05호선","name":"종로3가","code":2535,"lat":37.571607,"lng":126.991806},{"line":"05호선","name":"둔촌동","code":2555,"lat":37.527788,"lng":127.136248},{"line":"05호선","name":"올림픽공원","code":2556,"lat":37.516078,"lng":127.130848},{"line":"05호선","name":"미사","code":2563},{"line":"05호선","name":"하남풍산","code":2564},{"line":"05호선","name":"방화","code":2511,"lat":37.577446,"lng":126.812741},{"line":"05호선","name":"개화산","code":2512,"lat":37.572399,"lng":126.806171},{"line":"05호선","name":"김포공항","code":2513,"lat":37.562434,"lng":126.801058},{"line":"05호선","name":"송정","code":2514,"lat":37.561184,"lng":126.811973},{"line":"05호선","name":"마곡","code":2515,"lat":37.560183,"lng":126.825448},{"line":"05호선","name":"애오개","code":2531,"lat":37.553736,"lng":126.95682},{"line":"05호선","name":"서대문","code":2533,"lat":37.565773,"lng":126.966641},{"line":"05호선","name":"광화문","code":2534,"lat":37.571026,"lng":126.976669},{"line":"05호선","name":"충정로","code":2532,"lat":37.559973,"lng":126.963672},{"line":"05호선","name":"왕십리","code":2541,"lat":37.561533,"lng":127.037732},{"line":"05호선","name":"발산","code":2516,"lat":37.558598,"lng":126.837668},{"line":"05호선","name":"우장산","code":2517,"lat":37.548768,"lng":126.836318},{"line":"05호선","name":"화곡","code":2518,"lat":37.541513,"lng":126.840461},{"line":"05호선","name":"까치산","code":2519,"lat":37.531768,"lng":126.846683},{"line":"05호선","name":"신정","code":2520,"lat":37.524997,"lng":126.856191},{"line":"05호선","name":"목동","code":2521,"lat":37.526065,"lng":126.864931},{"line":"05호선","name":"오목교","code":2522,"lat":37.524496,"lng":126.875181},{"line":"05호선","name":"양평","code":2523,"lat":37.492832,"lng":127.491814},{"line":"05호선","name":"영등포구청","code":2524,"lat":37.52497,"lng":126.895951},{"line":"05호선","name":"영등포시장","code":2525,"lat":37.522669,"lng":126.905139},{"line":"05호선","name":"신길","code":2526,"lat":37.517122,"lng":126.917169},{"line":"05호선","name":"여의도","code":2527,"lat":37.521624,"lng":126.924191},{"line":"05호선","name":"여의나루","code":2528,"lat":37.527098,"lng":126.932901},{"line":"05호선","name":"마포","code":2529,"lat":37.539574,"lng":126.945932},{"line":"05호선","name":"공덕","code":2530,"lat":37.544018,"lng":126.951592},{"line":"05호선","name":"을지로4가","code":2536,"lat":37.566941,"lng":126.998079},{"line":"05호선","name":"신금호","code":2539,"lat":37.554548,"lng":127.020331},{"line":"05호선","name":"행당","code":2540,"lat":37.557322,"lng":127.029476},{"line":"05호선","name":"마장","code":2542,"lat":37.5661,"lng":127.042973},{"line":"05호선","name":"답십리","code":2543,"lat":37.566747,"lng":127.052704},{"line":"05호선","name":"장한평","code":2544,"lat":37.56144,"lng":127.064623},{"line":"05호선","name":"군자","code":2545,"lat":37.557121,"lng":127.079542},{"line":"05호선","name":"아차산","code":2546,"lat":37.551691,"lng":127.089761},{"line":"05호선","name":"광나루","code":2547,"lat":37.545303,"lng":127.10357},{"line":"05호선","name":"천호","code":2548,"lat":37.538397,"lng":127.123572},{"line":"05호선","name":"강동","code":2549,"lat":37.535804,"lng":127.132481},{"line":"05호선","name":"길동","code":2550,"lat":37.537801,"lng":127.140004},{"line":"05호선","name":"굽은다리","code":2551,"lat":37.545477,"lng":127.142853},{"line":"05호선","name":"명일","code":2552,"lat":37.55137,"lng":127.143999},{"line":"05호선","name":"고덕","code":2553,"lat":37.555004,"lng":127.154151},{"line":"05호선","name":"상일동","code":2554,"lat":37.556712,"lng":127.166417},{"line":"05호선","name":"방이","code":2557,"lat":37.508857,"lng":127.126133},{"line":"05호선","name":"오금","code":2558,"lat":37.502162,"lng":127.128111},{"line":"05호선","name":"개롱","code":2559,"lat":37.498079,"lng":127.13482},{"line":"05호선","name":"거여","code":2560,"lat":37.493105,"lng":127.14415},{"line":"05호선","name":"마천","code":2561,"lat":37.49499,"lng":127.152781},{"line":"05호선","name":"동대문역사문화공원","code":2537,"lat":37.565138,"lng":127.007896},{"line":"05호선","name":"청구","code":2538,"lat":37.560245,"lng":127.013828},{"line":"06호선","name":"망원","code":2622,"lat":37.556094,"lng":126.910052},{"line":"06호선","name":"합정","code":2623,"lat":37.549463,"lng":126.913739},{"line":"06호선","name":"상수","code":2624,"lat":37.547716,"lng":126.922852},{"line":"06호선","name":"광흥창","code":2625,"lat":37.547456,"lng":126.931993},{"line":"06호선","name":"대흥","code":2626,"lat":37.547771,"lng":126.942069},{"line":"06호선","name":"버티고개","code":2633,"lat":37.548013,"lng":127.007055},{"line":"06호선","name":"약수","code":2634,"lat":37.55434,"lng":127.010655},{"line":"06호선","name":"청구","code":2635,"lat":37.560245,"lng":127.013828},{"line":"06호선","name":"신당","code":2636,"lat":37.565972,"lng":127.01782},{"line":"06호선","name":"응암","code":2611,"lat":37.598605,"lng":126.915577},{"line":"06호선","name":"역촌","code":2612,"lat":37.606021,"lng":126.922744},{"line":"06호선","name":"불광","code":2613,"lat":37.610469,"lng":126.929887},{"line":"06호선","name":"독바위","code":2614,"lat":37.618456,"lng":126.933031},{"line":"06호선","name":"연신내","code":2615,"lat":37.619001,"lng":126.921008},{"line":"06호선","name":"구산","code":2616,"lat":37.611377,"lng":126.91727},{"line":"06호선","name":"새절","code":2617,"lat":37.591148,"lng":126.913629},{"line":"06호선","name":"증산","code":2618,"lat":37.583876,"lng":126.909645},{"line":"06호선","name":"디지털미디어시티","code":2619,"lat":37.576646,"lng":126.900984},{"line":"06호선","name":"월드컵경기장","code":2620,"lat":37.569532,"lng":126.899298},{"line":"06호선","name":"마포구청","code":2621,"lat":37.563515,"lng":126.903343},{"line":"06호선","name":"공덕","code":2627,"lat":37.544018,"lng":126.951592},{"line":"06호선","name":"효창공원앞","code":2628,"lat":37.539261,"lng":126.961351},{"line":"06호선","name":"삼각지","code":2629,"lat":37.534777,"lng":126.97311},{"line":"06호선","name":"녹사평","code":2630,"lat":37.534675,"lng":126.986695},{"line":"06호선","name":"이태원","code":2631,"lat":37.534488,"lng":126.994302},{"line":"06호선","name":"한강진","code":2632,"lat":37.539631,"lng":127.001725},{"line":"06호선","name":"동묘앞","code":2637,"lat":37.572627,"lng":127.016429},{"line":"06호선","name":"창신","code":2638,"lat":37.579661,"lng":127.015241},{"line":"06호선","name":"보문","code":2639,"lat":37.585286,"lng":127.019381},{"line":"06호선","name":"안암","code":2640,"lat":37.586272,"lng":127.029005},{"line":"06호선","name":"고려대","code":2641,"lat":37.590508,"lng":127.036296},{"line":"06호선","name":"월곡","code":2642,"lat":37.601948,"lng":127.041518},{"line":"06호선","name":"상월곡","code":2643,"lat":37.606377,"lng":127.048491},{"line":"06호선","name":"돌곶이","code":2644,"lat":37.610537,"lng":127.056431},{"line":"06호선","name":"석계","code":2645,"lat":37.614805,"lng":127.065851},{"line":"06호선","name":"태릉입구","code":2646,"lat":37.617983,"lng":127.07512},{"line":"06호선","name":"화랑대","code":2647,"lat":37.620064,"lng":127.084689},{"line":"06호선","name":"봉화산","code":2648,"lat":37.617283,"lng":127.091401},{"line":"06호선","name":"신내","code":2649,"lat":37.612887,"lng":127.103218},{"line":"07호선","name":"군자","code":2727,"lat":37.557121,"lng":127.079542},{"line":"07호선","name":"강남구청","code":2732,"lat":37.517186,"lng":127.04128},{"line":"07호선","name":"학동","code":2733,"lat":37.514229,"lng":127.031656},{"line":"07호선","name":"논현","code":2734,"lat":37.511093,"lng":127.021415},{"line":"07호선","name":"반포","code":2735,"lat":37.508178,"lng":127.011727},{"line":"07호선","name":"고속터미널","code":2736,"lat":37.50481,"lng":127.004943},{"line":"07호선","name":"내방","code":2737,"lat":37.487618,"lng":126.993513},{"line":"07호선","name":"이수","code":2738,"lat":37.486263,"lng":126.981989},{"line":"07호선","name":"까치울","code":2753,"lat":37.506207,"lng":126.810939},{"line":"07호선","name":"부천종합운동장","code":2754,"lat":37.50538,"lng":126.797337},{"line":"07호선","name":"춘의","code":2755,"lat":37.503663,"lng":126.787036},{"line":"07호선","name":"부평구청","code":2761,"lat":37.508336,"lng":126.720548},{"line":"07호선","name":"사가정","code":2724,"lat":37.580894,"lng":127.088478},{"line":"07호선","name":"용마산","code":2725,"lat":37.573647,"lng":127.086727},{"line":"07호선","name":"중곡","code":2726,"lat":37.565923,"lng":127.08432},{"line":"07호선","name":"어린이대공원","code":2728,"lat":37.548014,"lng":127.074658},{"line":"07호선","name":"남성","code":2739,"lat":37.484596,"lng":126.971251},{"line":"07호선","name":"숭실대입구","code":2740,"lat":37.496029,"lng":126.953822},{"line":"07호선","name":"상도","code":2741,"lat":37.502834,"lng":126.94791},{"line":"07호선","name":"장승배기","code":2742,"lat":37.504898,"lng":126.93915},{"line":"07호선","name":"신대방삼거리","code":2743,"lat":37.499701,"lng":126.928276},{"line":"07호선","name":"보라매","code":2744,"lat":37.499872,"lng":126.920428},{"line":"07호선","name":"신풍","code":2745,"lat":37.50008,"lng":126.90993},{"line":"07호선","name":"대림","code":2746,"lat":37.49297,"lng":126.895801},{"line":"07호선","name":"남구로","code":2747,"lat":37.486056,"lng":126.887249},{"line":"07호선","name":"가산디지털단지","code":2748,"lat":37.481072,"lng":126.882343},{"line":"07호선","name":"철산","code":2749,"lat":37.47605,"lng":126.867911},{"line":"07호선","name":"광명사거리","code":2750,"lat":37.479252,"lng":126.854876},{"line":"07호선","name":"천왕","code":2751,"lat":37.486637,"lng":126.838713},{"line":"07호선","name":"온수","code":2752,"lat":37.492258,"lng":126.823388},{"line":"07호선","name":"장암","code":2711,"lat":37.700109,"lng":127.053196},{"line":"07호선","name":"중화","code":2721,"lat":37.602545,"lng":127.079264},{"line":"07호선","name":"상봉","code":2722,"lat":37.596362,"lng":127.085032},{"line":"07호선","name":"면목","code":2723,"lat":37.588579,"lng":127.087503},{"line":"07호선","name":"건대입구","code":2729,"lat":37.540693,"lng":127.07023},{"line":"07호선","name":"뚝섬유원지","code":2730,"lat":37.53154,"lng":127.066704},{"line":"07호선","name":"청담","code":2731,"lat":37.519365,"lng":127.05335},{"line":"07호선","name":"도봉산","code":2712,"lat":37.689313,"lng":127.046222},{"line":"07호선","name":"수락산","code":2713,"lat":37.67785,"lng":127.055315},{"line":"07호선","name":"마들","code":2714,"lat":37.66494,"lng":127.057675},{"line":"07호선","name":"노원","code":2715,"lat":37.655128,"lng":127.061368},{"line":"07호선","name":"중계","code":2716,"lat":37.644583,"lng":127.064303},{"line":"07호선","name":"하계","code":2717,"lat":37.636352,"lng":127.06799},{"line":"07호선","name":"공릉","code":2718,"lat":37.625742,"lng":127.072896},{"line":"07호선","name":"태릉입구","code":2719,"lat":37.617983,"lng":127.07512},{"line":"07호선","name":"먹골","code":2720,"lat":37.610637,"lng":127.077725},{"line":"07호선","name":"신중동","code":2756,"lat":37.503048,"lng":126.77596},{"line":"07호선","name":"부천시청","code":2757,"lat":37.504631,"lng":126.763538},{"line":"07호선","name":"상동","code":2758,"lat":37.505781,"lng":126.753083},{"line":"07호선","name":"삼산체육관","code":2759,"lat":37.506411,"lng":126.742153},{"line":"07호선","name":"굴포천","code":2760,"lat":37.506997,"lng":126.73128},{"line":"08호선","name":"암사","code":2811,"lat":37.55021,"lng":127.127562},{"line":"08호선","name":"천호","code":2812,"lat":37.538397,"lng":127.123572},{"line":"08호선","name":"강동구청","code":2813,"lat":37.530341,"lng":127.120508},{"line":"08호선","name":"몽촌토성","code":2814,"lat":37.517409,"lng":127.112359},{"line":"08호선","name":"잠실","code":2815,"lat":37.51395,"lng":127.102234},{"line":"08호선","name":"신흥","code":2825,"lat":37.440918,"lng":127.147564},{"line":"08호선","name":"수진","code":2826,"lat":37.437428,"lng":127.140722},{"line":"08호선","name":"모란","code":2827,"lat":37.43213,"lng":127.129087},{"line":"08호선","name":"석촌","code":2816,"lat":37.505431,"lng":127.106979},{"line":"08호선","name":"송파","code":2817,"lat":37.499703,"lng":127.112183},{"line":"08호선","name":"가락시장","code":2818,"lat":37.492522,"lng":127.118234},{"line":"08호선","name":"문정","code":2819,"lat":37.485855,"lng":127.1225},{"line":"08호선","name":"장지","code":2820,"lat":37.478703,"lng":127.126191},{"line":"08호선","name":"복정","code":2821,"lat":37.470047,"lng":127.126662},{"line":"08호선","name":"산성","code":2822,"lat":37.457122,"lng":127.149908},{"line":"08호선","name":"남한산성입구","code":2823,"lat":37.451535,"lng":127.159816},{"line":"08호선","name":"단대오거리","code":2824,"lat":37.44521,"lng":127.156866},{"line":"09호선","name":"석촌고분","code":4132},{"line":"09호선","name":"석촌","code":4133,"lat":37.505431,"lng":127.106979},{"line":"09호선","name":"송파나루","code":4134},{"line":"09호선","name":"한성백제","code":4135},{"line":"09호선","name":"올림픽공원","code":4136,"lat":37.516078,"lng":127.130848},{"line":"09호선","name":"둔촌오륜","code":4137},{"line":"09호선","name":"선정릉","code":4127,"lat":37.51098,"lng":127.043593},{"line":"09호선","name":"삼성중앙","code":4128,"lat":37.513011,"lng":127.053282},{"line":"09호선","name":"봉은사","code":4129,"lat":37.514219,"lng":127.060245},{"line":"09호선","name":"종합운동장","code":4130,"lat":37.510997,"lng":127.073642},{"line":"09호선","name":"삼전","code":4131},{"line":"09호선","name":"중앙보훈병원","code":4138},{"line":"09호선","name":"개화","code":4101,"lat":37.578608,"lng":126.798153},{"line":"09호선","name":"김포공항","code":4102,"lat":37.562434,"lng":126.801058},{"line":"09호선","name":"공항시장","code":4103,"lat":37.563726,"lng":126.810678},{"line":"09호선","name":"신방화","code":4104,"lat":37.567532,"lng":126.816601},{"line":"09호선","name":"마곡나루","code":4105,"lat":37.567336,"lng":126.829497},{"line":"09호선","name":"양천향교","code":4106,"lat":37.568381,"lng":126.841333},{"line":"09호선","name":"증미","code":4108,"lat":37.557402,"lng":126.861939},{"line":"09호선","name":"등촌","code":4109,"lat":37.550632,"lng":126.865689},{"line":"09호선","name":"선유도","code":4112,"lat":37.53802,"lng":126.893525},{"line":"09호선","name":"샛강","code":4116,"lat":37.517274,"lng":126.928422},{"line":"09호선","name":"노량진","code":4117,"lat":37.514219,"lng":126.942454},{"line":"09호선","name":"흑석","code":4119,"lat":37.50877,"lng":126.963708},{"line":"09호선","name":"구반포","code":4121,"lat":37.501364,"lng":126.987332},{"line":"09호선","name":"신반포","code":4122,"lat":37.503415,"lng":126.995925},{"line":"09호선","name":"신논현","code":4125,"lat":37.504598,"lng":127.02506},{"line":"09호선","name":"염창","code":4110,"lat":37.546936,"lng":126.874916},{"line":"09호선","name":"신목동","code":4111,"lat":37.544277,"lng":126.88308},{"line":"09호선","name":"당산","code":4113,"lat":37.53438,"lng":126.902281},{"line":"09호선","name":"국회의사당","code":4114,"lat":37.528105,"lng":126.917874},{"line":"09호선","name":"여의도","code":4115,"lat":37.521624,"lng":126.924191},{"line":"09호선","name":"노들","code":4118,"lat":37.512887,"lng":126.953222},{"line":"09호선","name":"동작","code":4120,"lat":37.502971,"lng":126.979306},{"line":"09호선","name":"고속터미널","code":4123,"lat":37.50481,"lng":127.004943},{"line":"09호선","name":"사평","code":4124,"lat":37.504206,"lng":127.015259},{"line":"09호선","name":"가양","code":4107,"lat":37.561391,"lng":126.854456},{"line":"09호선","name":"언주","code":4126,"lat":37.507287,"lng":127.033868},{"line":"경강선","name":"삼동","code":1503,"lat":37.409522,"lng":127.20336},{"line":"경강선","name":"경기광주","code":1504,"lat":37.399907,"lng":126.630347},{"line":"경강선","name":"초월","code":1505,"lat":37.374419,"lng":127.299},{"line":"경강선","name":"곤지암","code":1506,"lat":37.351315,"lng":127.34674},{"line":"경강선","name":"신둔도예촌","code":1507,"lat":37.317185,"lng":127.40476},{"line":"경강선","name":"이천","code":1508,"lat":37.265579,"lng":127.44226},{"line":"경강선","name":"부발","code":1509,"lat":37.260192,"lng":127.490277},{"line":"경강선","name":"여주","code":1511,"lat":37.282701,"lng":127.628607},{"line":"경강선","name":"세종대왕릉","code":1510,"lat":37.295309,"lng":127.570938},{"line":"경강선","name":"이매","code":1502,"lat":37.396104,"lng":127.12827},{"line":"경강선","name":"판교","code":1501,"lat":37.394761,"lng":127.111217},{"line":"경의선","name":"이촌","code":1008,"lat":37.522272,"lng":126.974345},{"line":"경의선","name":"서빙고","code":1009,"lat":37.519594,"lng":126.988537},{"line":"경의선","name":"옥수","code":1011,"lat":37.540685,"lng":127.017965},{"line":"경의선","name":"왕십리","code":1013,"lat":37.561533,"lng":127.037732},{"line":"경의선","name":"청량리","code":1014,"lat":37.580178,"lng":127.046835},{"line":"경의선","name":"중랑","code":1201,"lat":37.594917,"lng":127.076116},{"line":"경의선","name":"상봉","code":1202,"lat":37.596362,"lng":127.085032},{"line":"경의선","name":"망우","code":1203,"lat":37.59955,"lng":127.091909},{"line":"경의선","name":"양원","code":1204,"lat":37.606596,"lng":127.107906},{"line":"경의선","name":"구리","code":1205,"lat":37.603392,"lng":127.143869},{"line":"경의선","name":"도농","code":1206,"lat":37.608806,"lng":127.161153},{"line":"경의선","name":"양정","code":1207,"lat":37.60533,"lng":127.19364},{"line":"경의선","name":"덕소","code":1208,"lat":37.586781,"lng":127.208832},{"line":"경의선","name":"도심","code":1209,"lat":37.579622,"lng":127.222672},{"line":"경의선","name":"팔당","code":1210,"lat":37.547371,"lng":127.243939},{"line":"경의선","name":"운길산","code":1211,"lat":37.554669,"lng":127.310115},{"line":"경의선","name":"양수","code":1212,"lat":37.545981,"lng":127.329098},{"line":"경의선","name":"신원","code":1213,"lat":37.525545,"lng":127.372921},{"line":"경의선","name":"응봉","code":1012,"lat":37.549946,"lng":127.034538},{"line":"경의선","name":"국수","code":1214,"lat":37.516169,"lng":127.399367},{"line":"경의선","name":"아신","code":1215,"lat":37.51382,"lng":127.443173},{"line":"경의선","name":"오빈","code":1216,"lat":37.506062,"lng":127.473868},{"line":"경의선","name":"양평","code":1217,"lat":37.492832,"lng":127.491814},{"line":"경의선","name":"원덕","code":1218,"lat":37.468672,"lng":127.547076},{"line":"경의선","name":"용문","code":1219,"lat":37.48223,"lng":127.594647},{"line":"경의선","name":"지평","code":1220,"lat":37.476444,"lng":127.629617},{"line":"경의선","name":"서울","code":1251,"lat":37.554648,"lng":126.972559},{"line":"경의선","name":"신촌","code":1252,"lat":37.555134,"lng":126.936893},{"line":"경의선","name":"효창공원앞","code":1261,"lat":37.539261,"lng":126.961351},{"line":"경의선","name":"공덕","code":1262,"lat":37.544018,"lng":126.951592},{"line":"경의선","name":"홍대입구","code":1264,"lat":37.557192,"lng":126.925381},{"line":"경의선","name":"수색","code":1267,"lat":37.580842,"lng":126.895611},{"line":"경의선","name":"화전","code":1268,"lat":37.602888,"lng":126.868387},{"line":"경의선","name":"강매","code":1269,"lat":37.612314,"lng":126.843223},{"line":"경의선","name":"행신","code":1270,"lat":37.612102,"lng":126.834146},{"line":"경의선","name":"능곡","code":1271,"lat":37.618808,"lng":126.820783},{"line":"경의선","name":"곡산","code":1272,"lat":37.645676,"lng":126.801762},{"line":"경의선","name":"풍산","code":1274,"lat":37.672346,"lng":126.786243},{"line":"경의선","name":"일산","code":1275,"lat":37.682077,"lng":126.769846},{"line":"경의선","name":"탄현","code":1276,"lat":37.694023,"lng":126.761086},{"line":"경의선","name":"운정","code":1278,"lat":37.725826,"lng":126.767257},{"line":"경의선","name":"금릉","code":1279,"lat":37.751322,"lng":126.765347},{"line":"경의선","name":"월롱","code":1282,"lat":37.796188,"lng":126.792587},{"line":"경의선","name":"파주","code":1283,"lat":37.815298,"lng":126.792783},{"line":"경의선","name":"문산","code":1284,"lat":37.854619,"lng":126.788047},{"line":"경의선","name":"임진강","code":1285},{"line":"경의선","name":"서강대","code":1263,"lat":37.551881,"lng":126.935711},{"line":"경의선","name":"백마","code":1273,"lat":37.658239,"lng":126.794461},{"line":"경의선","name":"야당","code":1277,"lat":37.712327,"lng":126.761356},{"line":"경의선","name":"금촌","code":1280,"lat":37.766217,"lng":126.774644},{"line":"경의선","name":"디지털미디어시티","code":1266,"lat":37.576646,"lng":126.900984},{"line":"경의선","name":"대곡","code":300,"lat":37.631626,"lng":126.811024},{"line":"경의선","name":"한남","code":1010,"lat":37.52943,"lng":127.009169},{"line":"경의선","name":"용산","code":null,"lat":37.529849,"lng":126.964561},{"line":"경의선","name":"회기","code":null,"lat":37.58946,"lng":127.057583},{"line":"경의선","name":"가좌","code":1265,"lat":37.568491,"lng":126.915487},{"line":"경춘선","name":"광운대","code":1305,"lat":37.623632,"lng":127.061835},{"line":"경춘선","name":"청량리","code":1306,"lat":37.580178,"lng":127.046835},{"line":"경춘선","name":"회기","code":1307,"lat":37.58946,"lng":127.057583},{"line":"경춘선","name":"상봉","code":1309,"lat":37.596362,"lng":127.085032},{"line":"경춘선","name":"망우","code":1310,"lat":37.59955,"lng":127.091909},{"line":"경춘선","name":"신내","code":1311,"lat":37.612887,"lng":127.103218},{"line":"경춘선","name":"갈매","code":1312,"lat":37.634118,"lng":127.114757},{"line":"경춘선","name":"별내","code":1313,"lat":37.64202,"lng":127.12684},{"line":"경춘선","name":"퇴계원","code":1314,"lat":37.648311,"lng":127.143952},{"line":"경춘선","name":"사릉","code":1315,"lat":37.65108,"lng":127.176933},{"line":"경춘선","name":"평내호평","code":1317,"lat":37.653225,"lng":127.244493},{"line":"경춘선","name":"마석","code":1319,"lat":37.652782,"lng":127.311767},{"line":"경춘선","name":"대성리","code":1320,"lat":37.684071,"lng":127.379319},{"line":"경춘선","name":"청평","code":1321,"lat":37.735488,"lng":127.42661},{"line":"경춘선","name":"상천","code":1322,"lat":37.770246,"lng":127.454821},{"line":"경춘선","name":"가평","code":1323,"lat":37.814536,"lng":127.510739},{"line":"경춘선","name":"굴봉산","code":1324,"lat":37.832067,"lng":127.557695},{"line":"경춘선","name":"백양리","code":1325,"lat":37.830779,"lng":127.58933},{"line":"경춘선","name":"강촌","code":1326,"lat":37.805723,"lng":127.634146},{"line":"경춘선","name":"김유정","code":1327,"lat":37.818466,"lng":127.71434},{"line":"경춘선","name":"남춘천","code":1328,"lat":37.864007,"lng":127.723792},{"line":"경춘선","name":"금곡","code":1316,"lat":37.637382,"lng":127.207853},{"line":"경춘선","name":"천마산","code":1318,"lat":37.658978,"lng":127.285379},{"line":"경춘선","name":"춘천","code":1329,"lat":37.885054,"lng":127.717023},{"line":"경춘선","name":"중랑","code":1308,"lat":37.594917,"lng":127.076116},{"line":"공항철도","name":"김포공항","code":4207,"lat":37.562434,"lng":126.801058},{"line":"공항철도","name":"계양","code":4208,"lat":37.571462,"lng":126.735637},{"line":"공항철도","name":"마곡나루","code":4206,"lat":37.567336,"lng":126.829497},{"line":"공항철도","name":"검암","code":4209,"lat":37.569104,"lng":126.673728},{"line":"공항철도","name":"서울","code":4201,"lat":37.554648,"lng":126.972559},{"line":"공항철도","name":"공덕","code":4202,"lat":37.544018,"lng":126.951592},{"line":"공항철도","name":"홍대입구","code":4203,"lat":37.557192,"lng":126.925381},{"line":"공항철도","name":"디지털미디어시티","code":4204,"lat":37.576646,"lng":126.900984},{"line":"공항철도","name":"청라국제도시","code":4210,"lat":37.555878,"lng":126.625327},{"line":"공항철도","name":"운서","code":4211,"lat":37.492904,"lng":126.49379},{"line":"공항철도","name":"공항화물청사","code":4212,"lat":37.458366,"lng":126.476241},{"line":"공항철도","name":"인천공항1터미널","code":4213},{"line":"공항철도","name":"인천공항2터미널","code":4215},{"line":"공항철도","name":"영종","code":4217,"lat":37.511466,"lng":126.5237},{"line":"김포도시철도","name":"양촌","code":4920},{"line":"김포도시철도","name":"구래","code":4921},{"line":"김포도시철도","name":"마산","code":4922},{"line":"김포도시철도","name":"장기","code":4923},{"line":"김포도시철도","name":"운양","code":4924},{"line":"김포도시철도","name":"걸포북변","code":4925},{"line":"김포도시철도","name":"사우","code":4926},{"line":"김포도시철도","name":"풍무","code":4927},{"line":"김포도시철도","name":"고촌","code":4928},{"line":"김포도시철도","name":"김포공항","code":4929,"lat":37.562434,"lng":126.801058},{"line":"분당선","name":"선릉","code":1023,"lat":37.504503,"lng":127.049008},{"line":"분당선","name":"한티","code":1024,"lat":37.496237,"lng":127.052873},{"line":"분당선","name":"도곡","code":1025,"lat":37.490858,"lng":127.055381},{"line":"분당선","name":"구룡","code":1026,"lat":37.486839,"lng":127.058856},{"line":"분당선","name":"개포동","code":1027,"lat":37.489116,"lng":127.06614},{"line":"분당선","name":"대모산입구","code":1028,"lat":37.491373,"lng":127.07272},{"line":"분당선","name":"왕십리","code":null,"lat":37.561533,"lng":127.037732},{"line":"분당선","name":"수서","code":1030,"lat":37.487371,"lng":127.10188},{"line":"분당선","name":"복정","code":1031,"lat":37.470047,"lng":127.126662},{"line":"분당선","name":"서울숲","code":1847,"lat":37.543617,"lng":127.044707},{"line":"분당선","name":"압구정로데오","code":1848,"lat":37.527381,"lng":127.040534},{"line":"분당선","name":"강남구청","code":1849,"lat":37.517186,"lng":127.04128},{"line":"분당선","name":"선정릉","code":1850,"lat":37.51098,"lng":127.043593},{"line":"분당선","name":"가천대","code":1851,"lat":37.448605,"lng":127.126697},{"line":"분당선","name":"태평","code":1852,"lat":37.440019,"lng":127.127709},{"line":"분당선","name":"모란","code":1853,"lat":37.43213,"lng":127.129087},{"line":"분당선","name":"야탑","code":1854,"lat":37.411185,"lng":127.128715},{"line":"분당선","name":"서현","code":1855,"lat":37.385126,"lng":127.123592},{"line":"분당선","name":"수내","code":1856,"lat":37.378455,"lng":127.114322},{"line":"분당선","name":"정자","code":1857,"lat":37.36706,"lng":127.108105},{"line":"분당선","name":"미금","code":1858,"lat":37.350077,"lng":127.10891},{"line":"분당선","name":"이매","code":1860,"lat":37.396104,"lng":127.12827},{"line":"분당선","name":"신갈","code":1864,"lat":37.286102,"lng":127.111313},{"line":"분당선","name":"상갈","code":1866,"lat":37.26181,"lng":127.108847},{"line":"분당선","name":"청명","code":1867,"lat":37.259489,"lng":127.078934},{"line":"분당선","name":"영통","code":1868,"lat":37.251568,"lng":127.071394},{"line":"분당선","name":"망포","code":1869,"lat":37.245795,"lng":127.057353},{"line":"분당선","name":"매탄권선","code":1870,"lat":37.252759,"lng":127.040566},{"line":"분당선","name":"수원시청","code":1871,"lat":37.261911,"lng":127.030736},{"line":"분당선","name":"매교","code":1872,"lat":37.265481,"lng":127.015678},{"line":"분당선","name":"구성","code":1863,"lat":37.298969,"lng":127.105664},{"line":"분당선","name":"청량리","code":1845,"lat":37.580178,"lng":127.046835},{"line":"분당선","name":"보정","code":1861,"lat":37.312752,"lng":127.108196},{"line":"분당선","name":"오리","code":1859,"lat":37.339824,"lng":127.108942},{"line":"분당선","name":"죽전","code":1862,"lat":37.324753,"lng":127.107395},{"line":"분당선","name":"기흥","code":1865,"lat":37.275619,"lng":127.115936},{"line":"분당선","name":"수원","code":1846,"lat":37.265974,"lng":126.999874},{"line":"서해선","name":"소사","code":4804,"lat":37.482753,"lng":126.79544},{"line":"서해선","name":"소새울","code":4805},{"line":"서해선","name":"시흥대야","code":4806},{"line":"서해선","name":"신천","code":4807},{"line":"서해선","name":"신현","code":4808},{"line":"서해선","name":"시흥시청","code":4809},{"line":"서해선","name":"시흥능곡","code":4810},{"line":"서해선","name":"달미","code":4811},{"line":"서해선","name":"선부","code":4812},{"line":"서해선","name":"초지","code":4813,"lat":37.320646,"lng":126.805913},{"line":"서해선","name":"원곡","code":4814},{"line":"서해선","name":"원시","code":4815},{"line":"수인선","name":"오이도","code":1800,"lat":37.362357,"lng":126.738714},{"line":"수인선","name":"달월","code":1878,"lat":37.379681,"lng":126.745177},{"line":"수인선","name":"월곶","code":1879,"lat":37.391769,"lng":126.742699},{"line":"수인선","name":"소래포구","code":1880,"lat":37.40095,"lng":126.733522},{"line":"수인선","name":"인천논현","code":1881,"lat":37.400614,"lng":126.722478},{"line":"수인선","name":"호구포","code":1882,"lat":37.401637,"lng":126.708627},{"line":"수인선","name":"남동인더스파크","code":1883,"lat":37.407722,"lng":126.695216},{"line":"수인선","name":"원인재","code":1884,"lat":37.412603,"lng":126.687389},{"line":"수인선","name":"연수","code":1885,"lat":37.417804,"lng":126.67894},{"line":"수인선","name":"송도","code":1886,"lat":37.428514,"lng":126.657772},{"line":"수인선","name":"인하대","code":1888,"lat":37.448493,"lng":126.649619},{"line":"수인선","name":"숭의","code":1889,"lat":37.460789,"lng":126.638297},{"line":"수인선","name":"인천","code":1891,"lat":37.476691,"lng":126.616936},{"line":"수인선","name":"신포","code":1890,"lat":37.46874,"lng":126.623853},{"line":"신분당선","name":"동천","code":4314,"lat":37.337928,"lng":127.102976},{"line":"신분당선","name":"수지구청","code":4315,"lat":37.322702,"lng":127.095026},{"line":"신분당선","name":"성복","code":4316,"lat":37.313335,"lng":127.0801},{"line":"신분당선","name":"상현","code":4317,"lat":37.297664,"lng":127.069342},{"line":"신분당선","name":"광교중앙","code":4318,"lat":37.288617,"lng":127.051478},{"line":"신분당선","name":"정자","code":4312,"lat":37.36706,"lng":127.108105},{"line":"신분당선","name":"미금","code":4313,"lat":37.350077,"lng":127.10891},{"line":"신분당선","name":"양재시민의숲","code":4309,"lat":37.470023,"lng":127.03842},{"line":"신분당선","name":"판교","code":4311,"lat":37.394761,"lng":127.111217},{"line":"신분당선","name":"광교","code":4319,"lat":37.30211,"lng":127.044483},{"line":"신분당선","name":"강남","code":4307,"lat":37.497175,"lng":127.027926},{"line":"신분당선","name":"양재","code":4308,"lat":37.484147,"lng":127.034631},{"line":"신분당선","name":"청계산입구","code":4310,"lat":37.447211,"lng":127.055664},{"line":"용인경전철","name":"강남대","code":4502,"lat":37.270161,"lng":127.126033},{"line":"용인경전철","name":"지석","code":4503,"lat":37.269606,"lng":127.136515},{"line":"용인경전철","name":"어정","code":4504,"lat":37.274917,"lng":127.143714},{"line":"용인경전철","name":"동백","code":4505,"lat":37.269043,"lng":127.152716},{"line":"용인경전철","name":"초당","code":4506,"lat":37.260752,"lng":127.159443},{"line":"용인경전철","name":"시청.용인대","code":4509,"lat":37.239151,"lng":127.178406},{"line":"용인경전철","name":"명지대","code":4510,"lat":37.237964,"lng":127.190294},{"line":"용인경전철","name":"김량장","code":4511,"lat":37.237247,"lng":127.198781},{"line":"용인경전철","name":"운동장.송담대","code":4512,"lat":37.237845,"lng":127.209198},{"line":"용인경전철","name":"고진","code":4513,"lat":37.24484,"lng":127.214251},{"line":"용인경전철","name":"보평","code":4514,"lat":37.258965,"lng":127.218457},{"line":"용인경전철","name":"둔전","code":4515,"lat":37.267051,"lng":127.21364},{"line":"용인경전철","name":"삼가","code":4508,"lat":37.242115,"lng":127.168075},{"line":"용인경전철","name":"전대.에버랜드","code":4517,"lat":37.285342,"lng":127.219561},{"line":"용인경전철","name":"기흥","code":4501,"lat":37.275619,"lng":127.115936},{"line":"우이신설경전철","name":"북한산우이","code":4701,"lat":37.663146,"lng":127.012789},{"line":"우이신설경전철","name":"솔밭공원","code":4702,"lat":37.656088,"lng":127.013252},{"line":"우이신설경전철","name":"419민주묘지","code":4703,"lat":37.649593,"lng":127.013746},{"line":"우이신설경전철","name":"가오리","code":4704,"lat":37.641701,"lng":127.016792},{"line":"우이신설경전철","name":"삼양사거리","code":4707,"lat":37.621512,"lng":127.02048},{"line":"우이신설경전철","name":"솔샘","code":4708,"lat":37.62124,"lng":127.013528},{"line":"우이신설경전철","name":"북한산보국문","code":4709,"lat":37.612343,"lng":127.008009},{"line":"우이신설경전철","name":"정릉","code":4710,"lat":37.602798,"lng":127.01349},{"line":"우이신설경전철","name":"성신여대입구","code":4711,"lat":37.592624,"lng":127.016403},{"line":"우이신설경전철","name":"보문","code":4712,"lat":37.585286,"lng":127.019381},{"line":"우이신설경전철","name":"신설동","code":4713,"lat":37.575297,"lng":127.025087},{"line":"우이신설경전철","name":"화계","code":4705,"lat":37.634802,"lng":127.017519},{"line":"우이신설경전철","name":"삼양","code":4706,"lat":37.627165,"lng":127.018152},{"line":"의정부경전철","name":"동오","code":4608,"lat":37.745271,"lng":127.056947},{"line":"의정부경전철","name":"새말","code":4609,"lat":37.748885,"lng":127.06362},{"line":"의정부경전철","name":"경기도청북부청사","code":4610,"lat":37.75059,"lng":127.071495},{"line":"의정부경전철","name":"효자","code":4611,"lat":37.754025,"lng":127.076902},{"line":"의정부경전철","name":"회룡","code":4602,"lat":37.724846,"lng":127.046895},{"line":"의정부경전철","name":"범골","code":4603,"lat":37.728755,"lng":127.04353},{"line":"의정부경전철","name":"경전철의정부","code":4604,"lat":37.737202,"lng":127.043257},{"line":"의정부경전철","name":"의정부시청","code":4605,"lat":37.739256,"lng":127.034781},{"line":"의정부경전철","name":"흥선","code":4606,"lat":37.743302,"lng":127.037023},{"line":"의정부경전철","name":"의정부중앙","code":4607,"lat":37.743676,"lng":127.049565},{"line":"의정부경전철","name":"곤제","code":4612,"lat":37.750471,"lng":127.083715},{"line":"의정부경전철","name":"어룡","code":4613,"lat":37.742802,"lng":127.085035},{"line":"의정부경전철","name":"발곡","code":4601,"lat":37.727048,"lng":127.052803},{"line":"의정부경전철","name":"송산","code":4614,"lat":37.737279,"lng":127.087159},{"line":"의정부경전철","name":"탑석","code":4615,"lat":37.733579,"lng":127.088704},{"line":"인천2호선","name":"검단사거리","code":3203,"lat":37.60185,"lng":126.657108},{"line":"인천2호선","name":"인천대공원","code":3226,"lat":37.448769,"lng":126.752618},{"line":"인천2호선","name":"마전","code":3204,"lat":37.597566,"lng":126.666998},{"line":"인천2호선","name":"독정","code":3206,"lat":37.585212,"lng":126.675844},{"line":"인천2호선","name":"검바위","code":3208,"lat":37.561405,"lng":126.677566},{"line":"인천2호선","name":"서구청","code":3210,"lat":37.543742,"lng":126.676787},{"line":"인천2호선","name":"가정","code":3211,"lat":37.524649,"lng":126.675539},{"line":"인천2호선","name":"인천가좌","code":3215,"lat":37.4897,"lng":126.675208},{"line":"인천2호선","name":"가재울","code":3216,"lat":37.484192,"lng":126.683673},{"line":"인천2호선","name":"주안국가산단","code":3217,"lat":37.473703,"lng":126.68113},{"line":"인천2호선","name":"인천시청","code":3221,"lat":37.457405,"lng":126.702221},{"line":"인천2호선","name":"석천사거리","code":3222,"lat":37.456805,"lng":126.709986},{"line":"인천2호선","name":"모래내시장","code":3223,"lat":37.45583,"lng":126.719298},{"line":"인천2호선","name":"만수","code":3224,"lat":37.454911,"lng":126.732094},{"line":"인천2호선","name":"운연","code":3227,"lat":37.440127,"lng":126.75997},{"line":"인천2호선","name":"검암","code":3207,"lat":37.569104,"lng":126.673728},{"line":"인천2호선","name":"가정중앙시장","code":3212,"lat":37.517054,"lng":126.676672},{"line":"인천2호선","name":"석남","code":3213,"lat":37.506193,"lng":126.676203},{"line":"인천2호선","name":"서부여성회관","code":3214,"lat":37.506193,"lng":126.676203},{"line":"인천2호선","name":"주안","code":3218,"lat":37.464941,"lng":126.679923},{"line":"인천2호선","name":"시민공원","code":3219,"lat":37.458335,"lng":126.681192},{"line":"인천2호선","name":"석바위시장","code":3220,"lat":37.457611,"lng":126.692575},{"line":"인천2호선","name":"왕길","code":3202,"lat":37.59518,"lng":126.642696},{"line":"인천2호선","name":"완정","code":3205,"lat":37.592928,"lng":126.673203},{"line":"인천2호선","name":"남동구청","code":3225,"lat":37.448161,"lng":126.736939},{"line":"인천2호선","name":"아시아드경기장","code":3209,"lat":37.5517,"lng":126.677122},{"line":"인천2호선","name":"검단오류","code":3201,"lat":37.594877,"lng":126.627178},{"line":"인천선","name":"계양","code":3110,"lat":37.571462,"lng":126.735637},{"line":"인천선","name":"귤현","code":3111,"lat":37.566379,"lng":126.742654},{"line":"인천선","name":"박촌","code":3112,"lat":37.553703,"lng":126.745077},{"line":"인천선","name":"임학","code":3113,"lat":37.545059,"lng":126.738665},{"line":"인천선","name":"계산","code":3114,"lat":37.543238,"lng":126.728128},{"line":"인천선","name":"경인교대입구","code":3115,"lat":37.538157,"lng":126.722597},{"line":"인천선","name":"작전","code":3116,"lat":37.530415,"lng":126.722527},{"line":"인천선","name":"갈산","code":3117,"lat":37.517268,"lng":126.721514},{"line":"인천선","name":"부평구청","code":3118,"lat":37.508336,"lng":126.720548},{"line":"인천선","name":"부평시장","code":3119,"lat":37.498383,"lng":126.722244},{"line":"인천선","name":"부평","code":3120,"lat":37.489493,"lng":126.724805},{"line":"인천선","name":"동수","code":3121,"lat":37.485312,"lng":126.718247},{"line":"인천선","name":"부평삼거리","code":3122,"lat":37.477679,"lng":126.710208},{"line":"인천선","name":"인천시청","code":3124,"lat":37.457405,"lng":126.702221},{"line":"인천선","name":"예술회관","code":3125,"lat":37.449396,"lng":126.701012},{"line":"인천선","name":"인천터미널","code":3126,"lat":37.442383,"lng":126.699706},{"line":"인천선","name":"문학경기장","code":3127,"lat":37.434935,"lng":126.698579},{"line":"인천선","name":"선학","code":3128,"lat":37.426684,"lng":126.698863},{"line":"인천선","name":"신연수","code":3129,"lat":37.41804,"lng":126.693863},{"line":"인천선","name":"원인재","code":3130,"lat":37.412603,"lng":126.687389},{"line":"인천선","name":"동춘","code":3131,"lat":37.404737,"lng":126.681015},{"line":"인천선","name":"동막","code":3132,"lat":37.397878,"lng":126.674005},{"line":"인천선","name":"캠퍼스타운","code":3133,"lat":37.387855,"lng":126.661673},{"line":"인천선","name":"테크노파크","code":3134,"lat":37.382268,"lng":126.656365},{"line":"인천선","name":"지식정보단지","code":3135,"lat":37.378384,"lng":126.645168},{"line":"인천선","name":"인천대입구","code":3136,"lat":37.386007,"lng":126.639484},{"line":"인천선","name":"센트럴파크","code":3137,"lat":37.393054,"lng":126.634729},{"line":"인천선","name":"국제업무지구","code":3138,"lat":37.399907,"lng":126.630347},{"line":"인천선","name":"간석오거리","code":3123,"lat":37.467048,"lng":126.707938}]